{
    "test_loss": 0.506946325302124,
    "test_accuracy": 0.8849999904632568
}